cbsa_code,cbsa_title,fred_id,year,ours,fred,pct_diff,note
10740,"Albuquerque, NM",ALBU735BPPRIV,2023,2834,3025.0,-0.0631404958677686,
10740,"Albuquerque, NM",ALBU735BPPRIV,2024,2876,2891.0,-0.005188516084399852,
10900,"Allentown-Bethlehem-Easton, PA-NJ",ALLE942BPPRIV,2023,1735,1762.0,-0.015323496027241812,
10900,"Allentown-Bethlehem-Easton, PA-NJ",ALLE942BPPRIV,2024,2485,1917.0,0.2962962962962963,
12060,"Atlanta-Sandy Springs-Roswell, GA",ATLA013BPPRIV,2023,38749,39048.0,-0.007657242368367179,
12060,"Atlanta-Sandy Springs-Roswell, GA",ATLA013BPPRIV,2024,40687,39188.0,0.038251505562927335,
12420,"Austin-Round Rock-San Marcos, TX",AUST448BPPRIV,2023,38773,36300.0,0.06812672176308543,
12420,"Austin-Round Rock-San Marcos, TX",AUST448BPPRIV,2024,32294,33530.0,-0.03686251118401429,
12580,"Baltimore-Columbia-Towson, MD",BALT524BPPRIV,2023,7539,6376.0,0.18240276035131742,
12580,"Baltimore-Columbia-Towson, MD",BALT524BPPRIV,2024,6284,6549.0,-0.040464193006565896,
13820,"Birmingham, AL",BIRM801BPPRIV,2023,3452,3411.0,0.012019935502785017,
13820,"Birmingham, AL",BIRM801BPPRIV,2024,3746,3756.0,-0.0026624068157614644,
14260,"Boise City, ID",BOIS216BPPRIV,2023,9891,10179.0,-0.028293545534924802,
14260,"Boise City, ID",BOIS216BPPRIV,2024,9063,8813.0,0.02836718484057643,
14460,"Boston-Cambridge-Newton, MA-NH",BOST625BPPRIV,2023,10822,11746.0,-0.07866507747318241,
14460,"Boston-Cambridge-Newton, MA-NH",BOST625BPPRIV,2024,11235,11160.0,0.006720430107526987,
15980,"Cape Coral-Fort Myers, FL",CAPE912BPPRIV,2023,13556,12928.0,0.04857673267326734,
15980,"Cape Coral-Fort Myers, FL",CAPE912BPPRIV,2024,15411,15438.0,-0.001748931208705784,
16700,"Charleston-North Charleston, SC",CHAR745BPPRIV,2023,8573,7473.0,0.14719657433427003,
16700,"Charleston-North Charleston, SC",CHAR745BPPRIV,2024,8514,8589.0,-0.008732099196646859,
16740,"Charlotte-Concord-Gastonia, NC-SC",CHAR737BPPRIV,2023,29419,29695.0,-0.009294494022562771,
16740,"Charlotte-Concord-Gastonia, NC-SC",CHAR737BPPRIV,2024,25935,25837.0,0.003793010024383703,
16980,"Chicago-Naperville-Elgin, IL-IN",CHIC917BPPRIV,2023,14801,14214.0,0.04129731250879409,
16980,"Chicago-Naperville-Elgin, IL-IN",CHIC917BPPRIV,2024,18064,17320.0,0.0429561200923787,
17140,"Cincinnati, OH-KY-IN",CINC139BPPRIV,2023,6234,5953.0,0.04720309087854857,
17140,"Cincinnati, OH-KY-IN",CINC139BPPRIV,2024,7089,6985.0,0.014889047959914192,
17410,"Cleveland, OH",CLEV439BPPRIV,2023,3641,2995.0,0.21569282136894818,
17820,"Colorado Springs, CO",COLO808BPPRIV,2023,5277,5293.0,-0.0030228603816361277,
17820,"Colorado Springs, CO",COLO808BPPRIV,2024,3994,3992.0,0.0005010020040079333,
17900,"Columbia, SC",COLU945BPPRIV,2023,5465,5490.0,-0.004553734061930825,
17900,"Columbia, SC",COLU945BPPRIV,2024,5892,6024.0,-0.021912350597609542,
18140,"Columbus, OH",COLU139BPPRIV,2023,11440,11375.0,0.005714285714285783,
18140,"Columbus, OH",COLU139BPPRIV,2024,13962,13405.0,0.04155165982842224,
19100,"Dallas-Fort Worth-Arlington, TX",DALL148BPPRIV,2023,68029,62552.0,0.08755915078654564,
19100,"Dallas-Fort Worth-Arlington, TX",DALL148BPPRIV,2024,71788,70339.0,0.020600235999943095,
19660,"Deltona-Daytona Beach-Ormond Beach, FL",DELT612BPPRIV,2023,7082,7267.0,-0.02545754781890741,
19660,"Deltona-Daytona Beach-Ormond Beach, FL",DELT612BPPRIV,2024,5991,5954.0,0.00621430970775938,
19740,"Denver-Aurora-Centennial, CO",DENV708BPPRIV,2023,20650,21447.0,-0.03716137455121926,
19740,"Denver-Aurora-Centennial, CO",DENV708BPPRIV,2024,15570,15762.0,-0.012181195279786783,
19780,"Des Moines-West Des Moines, IA",DESM719BPPRIV,2023,5000,4997.0,0.0006003602161297472,
19780,"Des Moines-West Des Moines, IA",DESM719BPPRIV,2024,5064,5050.0,0.0027722772277227747,
19820,"Detroit-Warren-Dearborn, MI",DETR826BPPRIV,2023,6734,6151.0,0.09478133636807029,
19820,"Detroit-Warren-Dearborn, MI",DETR826BPPRIV,2024,7704,7361.0,0.046596929764977535,
20500,"Durham-Chapel Hill, NC",DURH537BPPRIV,2023,6991,6343.0,0.10215986126438592,
20500,"Durham-Chapel Hill, NC",DURH537BPPRIV,2024,3858,4911.0,-0.2144166157605376,
24340,"Grand Rapids-Wyoming-Kentwood, MI",GRAN326BPPRIV,2023,3754,3574.0,0.05036373810856176,
24340,"Grand Rapids-Wyoming-Kentwood, MI",GRAN326BPPRIV,2024,3861,3916.0,-0.014044943820224698,
24660,"Greensboro-High Point, NC",GREE637BPPRIV,2023,3507,3477.0,0.008628127696289845,
24660,"Greensboro-High Point, NC",GREE637BPPRIV,2024,4976,4955.0,0.0042381432896063664,
24860,"Greenville-Anderson-Greer, SC",GREE845BPPRIV,2023,7684,7825.0,-0.018019169329073437,
24860,"Greenville-Anderson-Greer, SC",GREE845BPPRIV,2024,8875,8848.0,0.0030515370705244127,
26420,"Houston-Pasadena-The Woodlands, TX",HOUS448BPPRIV,2023,69303,67376.0,0.0286006886725243,
26420,"Houston-Pasadena-The Woodlands, TX",HOUS448BPPRIV,2024,65747,65155.0,0.0090860256311871,
26900,"Indianapolis-Carmel-Greenwood, IN",INDI918BPPRIV,2023,12479,12232.0,0.020192936559843,
26900,"Indianapolis-Carmel-Greenwood, IN",INDI918BPPRIV,2024,11788,12109.0,-0.02650920802708734,
27260,"Jacksonville, FL",JACK212BPPRIV,2023,20326,20175.0,0.007484510532837607,
27260,"Jacksonville, FL",JACK212BPPRIV,2024,15002,15350.0,-0.022671009771986994,
28140,"Kansas City, MO-KS",KANS129BPPRIV,2023,7514,7623.0,-0.01429883248065067,
28140,"Kansas City, MO-KS",KANS129BPPRIV,2024,9148,9463.0,-0.03328754094895914,
29460,"Lakeland-Winter Haven, FL",LAKE412BPPRIV,2023,12513,12472.0,0.003287363694675971,
29460,"Lakeland-Winter Haven, FL",LAKE412BPPRIV,2024,10384,10411.0,-0.0025934108154835878,
29820,"Las Vegas-Henderson-North Las Vegas, NV",LASV832BPPRIV,2023,13073,13078.0,-0.0003823214558801302,
29820,"Las Vegas-Henderson-North Las Vegas, NV",LASV832BPPRIV,2024,14754,13350.0,0.1051685393258428,
31080,"Los Angeles-Long Beach-Anaheim, CA",LOSA106BPPRIV,2023,30767,28969.0,0.06206634678449374,
31080,"Los Angeles-Long Beach-Anaheim, CA",LOSA106BPPRIV,2024,26781,27246.0,-0.017066725390883053,
31540,"Madison, WI",MADI555BPPRIV,2023,5361,4681.0,0.14526810510574673,
31540,"Madison, WI",MADI555BPPRIV,2024,5838,5903.0,-0.01101135016093513,
32580,"McAllen-Edinburg-Mission, TX",MCAL548BPPRIV,2023,6899,6558.0,0.05199756023177793,
32580,"McAllen-Edinburg-Mission, TX",MCAL548BPPRIV,2024,7292,7312.0,-0.00273522975929974,
32820,"Memphis, TN-MS-AR",MPHBPPRIV,2023,4058,4171.0,-0.027091824502517348,
32820,"Memphis, TN-MS-AR",MPHBPPRIV,2024,4240,4205.0,0.00832342449464929,
33100,"Miami-Fort Lauderdale-West Palm Beach, FL",MIAM112BPPRIV,2023,21320,21957.0,-0.02901124925991716,
33100,"Miami-Fort Lauderdale-West Palm Beach, FL",MIAM112BPPRIV,2024,16352,16604.0,-0.015177065767284947,
33340,"Milwaukee-Waukesha, WI",MILW355BPPRIV,2023,2864,2526.0,0.13380839271575606,
33340,"Milwaukee-Waukesha, WI",MILW355BPPRIV,2024,4058,3627.0,0.11883098979873163,
33460,"Minneapolis-St. Paul-Bloomington, MN-WI",MINN427BPPRIV,2023,18633,17359.0,0.07339132438504525,
33460,"Minneapolis-St. Paul-Bloomington, MN-WI",MINN427BPPRIV,2024,14022,15227.0,-0.0791357457148486,
34980,"Nashville-Davidson--Murfreesboro--Franklin, TN",NASH947BPPRIV,2023,23676,23048.0,0.027247483512669257,
34980,"Nashville-Davidson--Murfreesboro--Franklin, TN",NASH947BPPRIV,2024,20038,19954.0,0.00420968226921925,
35380,"New Orleans-Metairie, LA",NEWO322BPPRIV,2023,2246,3686.0,-0.39066739012479657,
35380,"New Orleans-Metairie, LA",NEWO322BPPRIV,2024,1611,1929.0,-0.16485225505443235,
35620,"New York-Newark-Jersey City, NY-NJ",NEWY636BPPRIV,2023,62837,38585.0,0.6285344045613581,
35620,"New York-Newark-Jersey City, NY-NJ",NEWY636BPPRIV,2024,57929,59629.0,-0.028509617803417764,
35840,"North Port-Bradenton-Sarasota, FL",SARA212BPPRIV,2023,15928,15208.0,0.047343503419253086,
35840,"North Port-Bradenton-Sarasota, FL",SARA212BPPRIV,2024,14938,14955.0,-0.0011367435640253776,
36420,"Oklahoma City, OK",OKLA440BPPRIV,2023,6736,6382.0,0.055468505170792826,
36420,"Oklahoma City, OK",OKLA440BPPRIV,2024,7707,7227.0,0.0664176006641759,
36540,"Omaha, NE-IA",OMAH531BPPRIV,2023,4719,4603.0,0.02520095589832727,
36540,"Omaha, NE-IA",OMAH531BPPRIV,2024,7197,7054.0,0.02027218599376246,
36740,"Orlando-Kissimmee-Sanford, FL",ORLA712BPPRIV,2023,25415,25538.0,-0.004816352102748889,
36740,"Orlando-Kissimmee-Sanford, FL",ORLA712BPPRIV,2024,24135,23522.0,0.02606070912337377,
37340,"Palm Bay-Melbourne-Titusville, FL",PALM312BPPRIV,2023,6537,6441.0,0.014904517931998207,
37340,"Palm Bay-Melbourne-Titusville, FL",PALM312BPPRIV,2024,4603,4619.0,-0.0034639532366312897,
37860,"Pensacola-Ferry Pass-Brent, FL",PENS812BPPRIV,2023,2823,2826.0,-0.0010615711252653925,
37860,"Pensacola-Ferry Pass-Brent, FL",PENS812BPPRIV,2024,3445,3461.0,-0.004622941346431708,
37980,"Philadelphia-Camden-Wilmington, PA-NJ-DE-MD",PHIL942BPPRIV,2023,12019,13369.0,-0.10097987882414539,
37980,"Philadelphia-Camden-Wilmington, PA-NJ-DE-MD",PHIL942BPPRIV,2024,14214,13720.0,0.03600583090379006,
38060,"Phoenix-Mesa-Chandler, AZ",PHOE004BPPRIV,2023,45616,44702.0,0.02044651246029261,
38060,"Phoenix-Mesa-Chandler, AZ",PHOE004BPPRIV,2024,45884,44491.0,0.03130970308601744,
38300,"Pittsburgh, PA",PITT342BPPRIV,2023,6342,4938.0,0.28432563791008514,
38300,"Pittsburgh, PA",PITT342BPPRIV,2024,5412,6090.0,-0.1113300492610837,
38900,"Portland-Vancouver-Hillsboro, OR-WA",PORT941BPPRIV,2023,11382,11254.0,0.01137373378354356,
38900,"Portland-Vancouver-Hillsboro, OR-WA",PORT941BPPRIV,2024,9453,9132.0,0.035151116951379846,
38940,"Port St. Lucie, FL",PORT912BPPRIV,2023,6137,6119.0,0.0029416571335185715,
38940,"Port St. Lucie, FL",PORT912BPPRIV,2024,5515,5601.0,-0.015354400999821438,
39580,"Raleigh-Cary, NC",RALE537BPPRIV,2023,20619,20674.0,-0.0026603463287220297,
39580,"Raleigh-Cary, NC",RALE537BPPRIV,2024,18979,19107.0,-0.006699115507405651,
39900,"Reno, NV",RENO932BPPRIV,2023,4650,4271.0,0.08873800046827451,
39900,"Reno, NV",RENO932BPPRIV,2024,4391,4391.0,0.0,
40060,"Richmond, VA",RICH051BPPRIV,2023,9973,10042.0,-0.006871141206930886,
40060,"Richmond, VA",RICH051BPPRIV,2024,8642,8673.0,-0.003574311080364323,
40140,"Riverside-San Bernardino-Ontario, CA",RIVE106BPPRIV,2023,20268,18449.0,0.09859612987153765,
40140,"Riverside-San Bernardino-Ontario, CA",RIVE106BPPRIV,2024,15824,15201.0,0.04098414577988296,
40900,"Sacramento-Roseville-Folsom, CA",SACR906BPPRIV,2023,11941,11679.0,0.0224334275194793,
40900,"Sacramento-Roseville-Folsom, CA",SACR906BPPRIV,2024,11613,11363.0,0.022001232068995957,
41180,"St. Louis, MO-IL",STLBPPRIV,2023,7107,7376.0,-0.036469631236442535,
41180,"St. Louis, MO-IL",STLBPPRIV,2024,7017,6789.0,0.03358373840035345,
41620,"Salt Lake City-Murray, UT",SALT649BPPRIV,2023,9235,9195.0,0.004350190320826508,
41620,"Salt Lake City-Murray, UT",SALT649BPPRIV,2024,5447,6008.0,-0.09337549933422107,
41700,"San Antonio-New Braunfels, TX",SANA748BPPRIV,2023,16485,16357.0,0.00782539585498565,
41700,"San Antonio-New Braunfels, TX",SANA748BPPRIV,2024,14857,14582.0,0.018858867096420262,
41740,"San Diego-Chula Vista-Carlsbad, CA",SAND706BPPRIV,2023,11469,10944.0,0.04797149122807021,
41740,"San Diego-Chula Vista-Carlsbad, CA",SAND706BPPRIV,2024,11572,11568.0,0.0003457814661134151,
41860,"San Francisco-Oakland-Fremont, CA",SANF806BPPRIV,2023,7530,8132.0,-0.07402852926709291,
41860,"San Francisco-Oakland-Fremont, CA",SANF806BPPRIV,2024,5914,6268.0,-0.05647734524569237,
41940,"San Jose-Sunnyvale-Santa Clara, CA",SANJ906BPPRIV,2023,6227,6709.0,-0.07184379192129975,
41940,"San Jose-Sunnyvale-Santa Clara, CA",SANJ906BPPRIV,2024,4115,4290.0,-0.0407925407925408,
42660,"Seattle-Tacoma-Bellevue, WA",SEAT653BPPRIV,2023,17223,17619.0,-0.022475736420909276,
42660,"Seattle-Tacoma-Bellevue, WA",SEAT653BPPRIV,2024,17920,17681.0,0.013517334992364738,
44700,"Stockton-Lodi, CA",STOC706BPPRIV,2023,2170,2395.0,-0.09394572025052195,
44700,"Stockton-Lodi, CA",STOC706BPPRIV,2024,3779,3657.0,0.03336067815149035,
45300,"Tampa-St. Petersburg-Clearwater, FL",TAMP312BPPRIV,2023,25386,22960.0,0.10566202090592336,
45300,"Tampa-St. Petersburg-Clearwater, FL",TAMP312BPPRIV,2024,20950,21631.0,-0.031482594424668275,
46060,"Tucson, AZ",TUCS004BPPRIV,2023,5255,5280.0,-0.004734848484848508,
46060,"Tucson, AZ",TUCS004BPPRIV,2024,5250,5249.0,0.00019051247856727294,
46140,"Tulsa, OK",TULS140BPPRIV,2023,5009,5192.0,-0.03524653312788906,
46140,"Tulsa, OK",TULS140BPPRIV,2024,4311,4386.0,-0.017099863201094356,
47260,"Virginia Beach-Chesapeake-Norfolk, VA-NC",VIRG251BPPRIV,2023,6083,6093.0,-0.001641227638273457,
47260,"Virginia Beach-Chesapeake-Norfolk, VA-NC",VIRG251BPPRIV,2024,4406,4956.0,-0.11097659402744153,
47900,"Washington-Arlington-Alexandria, DC-VA-MD-WV",WASH911BPPRIV,2023,23345,22075.0,0.05753114382785962,
47900,"Washington-Arlington-Alexandria, DC-VA-MD-WV",WASH911BPPRIV,2024,21487,21188.0,0.014111761374362874,
